,exit_time,entry_signal,pl,entry_price,exit_price,status
2022-05-01 22:19:00,0,BUY,0.0,1.05474,0.0,0
2022-05-01 22:28:00,2022-05-01 22:56:00,BUY,15.899999999997583,1.05399,1.05452,TGP
2022-05-01 22:30:00,2022-05-01 22:56:00,BUY,21.299999999999653,1.05381,1.05452,TGP
2022-05-01 22:56:00,2022-05-01 23:09:00,SELL,-7.80000000000447,1.05452,1.05478,SLPR
2022-05-01 23:54:00,2022-05-02 00:06:00,BUY,19.500000000001183,1.05392,1.05457,TGP
2022-05-02 00:00:00,2022-05-02 00:06:00,BUY,20.999999999997687,1.05387,1.05457,TGP
2022-05-02 00:06:00,2022-05-02 00:34:00,SELL,19.199999999999218,1.05457,1.05393,TG
2022-05-02 00:15:00,2022-05-02 00:34:00,SELL,28.199999999998226,1.05487,1.05393,TG
2022-05-02 00:33:00,0,BUY,0.0,1.05381,0.0,0
2022-05-02 00:37:00,2022-05-02 00:45:00,BUY,-9.60000000000294,1.05356,1.05324,SLPR
2022-05-02 00:49:00,2022-05-02 01:25:00,BUY,-14.399999999994417,1.05293,1.05245,SLPR
2022-05-02 00:54:00,2022-05-02 01:19:00,BUY,-9.60000000000294,1.05308,1.05276,SLPR
2022-05-02 01:27:00,2022-05-02 01:58:00,BUY,-7.200000000000539,1.05257,1.05233,SLPR
2022-05-02 02:12:00,2022-05-02 02:32:00,BUY,18.900000000003914,1.05185,1.05248,TGP
2022-05-02 02:32:00,2022-05-02 03:30:00,SELL,21.600000000001618,1.05248,1.05176,TGP
2022-05-02 03:30:00,2022-05-02 03:47:00,BUY,17.999999999998018,1.05176,1.05236,TGP
2022-05-02 03:47:00,2022-05-02 04:04:00,SELL,11.099999999999444,1.05236,1.05199,TGP
2022-05-02 04:04:00,2022-05-02 04:35:00,BUY,-10.799999999997478,1.05199,1.05163,SLPR
2022-05-02 04:08:00,2022-05-02 05:00:00,BUY,-5.699999999997374,1.05188,1.05169,SLPR
2022-05-02 05:41:00,2022-05-02 06:11:00,SELL,22.199999999998887,1.05186,1.05112,TG
2022-05-02 05:59:00,2022-05-02 06:04:00,BUY,18.900000000003914,1.05124,1.05187,TG
2022-05-02 06:29:00,2022-05-02 06:40:00,SELL,-11.400000000001409,1.05205,1.05243,SLPR
2022-05-02 06:41:00,0,SELL,0.0,1.05229,0.0,0
2022-05-02 07:55:00,0,BUY,0.0,1.05412,0.0,0
2022-05-02 08:00:00,0,BUY,0.0,1.05344,0.0,0
2022-05-02 08:03:00,2022-05-02 08:15:00,BUY,-11.999999999998678,1.05331,1.05291,SLPR
2022-05-02 08:08:00,2022-05-02 08:24:00,BUY,-17.100000000005444,1.05323,1.05266,SL
2022-05-02 10:42:00,2022-05-02 11:06:00,SELL,18.00000000000468,1.05245,1.05185,TG
2022-05-02 11:05:00,2022-05-02 11:19:00,BUY,20.099999999998452,1.05172,1.05239,TG
2022-05-02 11:54:00,2022-05-02 12:08:00,BUY,20.400000000000418,1.05171,1.05239,TG
2022-05-02 11:57:00,2022-05-02 12:08:00,BUY,20.699999999995722,1.0517,1.05239,TG
2022-05-02 12:32:00,2022-05-02 13:00:00,SELL,39.59999999999964,1.05271,1.05139,TG
2022-05-02 13:00:00,2022-05-02 13:19:00,BUY,-14.999999999998348,1.05139,1.05089,SL
2022-05-02 13:17:00,2022-05-02 13:47:00,BUY,15.600000000002279,1.0513,1.05182,TG
2022-05-02 13:26:00,2022-05-02 13:47:00,BUY,31.800000000001827,1.05076,1.05182,TG
2022-05-02 13:47:00,2022-05-02 14:12:00,SELL,-13.80000000000381,1.05182,1.05228,SLPR
2022-05-02 13:57:00,2022-05-02 14:07:00,SELL,26.700000000001722,1.05241,1.05152,TG
2022-05-02 14:20:00,2022-05-02 15:18:00,SELL,64.19999999999426,1.05279,1.05065,TG
2022-05-02 14:33:00,2022-05-02 14:44:00,SELL,23.400000000000087,1.05372,1.05294,TG
2022-05-02 15:44:00,2022-05-02 15:54:00,SELL,-6.300000000001305,1.05141,1.05162,SLPR
2022-05-02 15:55:00,2022-05-02 16:43:00,SELL,1.5000000000031655,1.0516,1.05155,TGP
2022-05-02 16:03:00,2022-05-02 16:43:00,SELL,15.300000000000313,1.05206,1.05155,TG
2022-05-02 16:43:00,2022-05-02 16:54:00,BUY,-13.799999999997148,1.05155,1.05109,SLPR
2022-05-02 16:55:00,0,BUY,0.0,1.05111,0.0,0
2022-05-02 16:59:00,0,BUY,0.0,1.05083,0.0,0
2022-05-02 17:04:00,2022-05-02 17:39:00,BUY,-7.500000000002505,1.0504,1.05015,SLPR
2022-05-02 17:07:00,2022-05-02 17:42:00,BUY,-5.999999999999339,1.05034,1.05014,SLPR
2022-05-02 17:55:00,2022-05-02 18:13:00,BUY,-13.499999999995183,1.04944,1.04899,SLPR
2022-05-02 18:34:00,2022-05-02 19:19:00,SELL,-15.600000000002279,1.04968,1.0502,SLPR
2022-05-02 19:28:00,2022-05-02 21:05:00,SELL,11.099999999999444,1.05066,1.05029,TGP
2022-05-02 19:35:00,2022-05-02 19:44:00,SELL,21.900000000003583,1.05089,1.05016,TG
2022-05-02 21:05:00,2022-05-02 21:31:00,BUY,4.500000000002835,1.05029,1.05044,TGP
2022-05-02 21:18:00,2022-05-02 21:31:00,BUY,6.300000000001305,1.05023,1.05044,TGP
2022-05-02 21:31:00,2022-05-02 22:11:00,SELL,-12.599999999995948,1.05044,1.05086,SLPR
2022-05-02 21:35:00,2022-05-02 22:11:00,SELL,-12.899999999997913,1.05043,1.05086,SLPR
2022-05-02 22:05:00,0,SELL,0.0,1.05059,0.0,0
2022-05-02 22:18:00,2022-05-02 22:43:00,SELL,3.6000000000036003,1.05102,1.0509,TGP
2022-05-02 22:30:00,2022-05-02 22:43:00,SELL,7.80000000000447,1.05116,1.0509,TGP
2022-05-02 22:43:00,2022-05-02 23:10:00,BUY,-7.200000000000539,1.0509,1.05066,SLPR
2022-05-02 23:03:00,2022-05-03 00:02:00,BUY,5.699999999997374,1.05084,1.05103,TGP
2022-05-02 23:06:00,2022-05-03 00:02:00,BUY,6.899999999998574,1.0508,1.05103,TGP
2022-05-02 23:11:00,2022-05-03 00:02:00,BUY,10.200000000000209,1.05069,1.05103,TGP
2022-05-02 23:20:00,2022-05-03 00:02:00,BUY,11.699999999996713,1.05064,1.05103,TGP
2022-05-03 00:02:00,2022-05-03 00:33:00,SELL,-10.80000000000414,1.05103,1.05139,SLPR
2022-05-03 00:10:00,2022-05-03 00:33:00,SELL,-5.999999999999339,1.05119,1.05139,SLPR
2022-05-03 00:36:00,0,SELL,0.0,1.05151,0.0,0
2022-05-03 00:51:00,2022-05-03 01:22:00,SELL,14.999999999998348,1.05212,1.05162,TGP
2022-05-03 00:59:00,2022-05-03 01:23:00,SELL,23.700000000002053,1.05247,1.05168,TG
2022-05-03 01:22:00,2022-05-03 01:54:00,BUY,9.899999999998244,1.05162,1.05195,TGP
2022-05-03 01:54:00,2022-05-03 02:45:00,SELL,10.200000000000209,1.05195,1.05161,TGP
2022-05-03 01:59:00,2022-05-03 02:45:00,SELL,16.500000000001513,1.05216,1.05161,TGP
2022-05-03 02:01:00,2022-05-03 02:45:00,SELL,15.600000000002279,1.05213,1.05161,TGP
2022-05-03 02:07:00,2022-05-03 02:33:00,SELL,3.6000000000036003,1.05231,1.05219,TGP
2022-05-03 02:33:00,0,BUY,0.0,1.05219,0.0,0
2022-05-03 02:45:00,2022-05-03 03:53:00,BUY,3.6000000000036003,1.05161,1.05173,TGP
2022-05-03 02:59:00,2022-05-03 03:21:00,BUY,9.300000000000974,1.0513,1.05161,TGP
2022-05-03 03:21:00,2022-05-03 03:57:00,SELL,-5.1000000000001044,1.05161,1.05178,SLPR
2022-05-03 03:53:00,2022-05-03 04:05:00,SELL,7.80000000000447,1.05173,1.05147,TGP
2022-05-03 04:05:00,2022-05-03 04:31:00,BUY,13.500000000001844,1.05147,1.05192,TGP
2022-05-03 04:33:00,2022-05-03 04:41:00,SELL,25.199999999998557,1.05207,1.05123,TG
2022-05-03 04:44:00,0,BUY,0.0,1.05106,0.0,0
2022-05-03 04:46:00,2022-05-03 04:55:00,BUY,-9.599999999996278,1.05097,1.05065,SLPR
2022-05-03 05:02:00,2022-05-03 05:19:00,BUY,19.799999999996487,1.05021,1.05087,TGP
2022-05-03 05:19:00,2022-05-03 05:46:00,SELL,17.699999999996052,1.05087,1.05028,TGP
2022-05-03 05:46:00,2022-05-03 06:21:00,BUY,-7.80000000000447,1.05028,1.05002,SLPR
2022-05-03 05:50:00,2022-05-03 06:43:00,BUY,11.699999999996713,1.05024,1.05063,TG
2022-05-03 06:41:00,2022-05-03 06:51:00,SELL,17.999999999998018,1.05098,1.05038,TG
2022-05-03 06:54:00,2022-05-03 07:23:00,BUY,23.100000000004783,1.04991,1.05068,TG
2022-05-03 06:56:00,2022-05-03 07:43:00,BUY,64.79999999999819,1.04996,1.05212,TG
2022-05-03 07:38:00,2022-05-03 07:47:00,SELL,18.299999999999983,1.05225,1.05164,TG
2022-05-03 07:43:00,2022-05-03 08:31:00,SELL,18.899999999997252,1.05212,1.05149,TG
2022-05-03 08:44:00,2022-05-03 08:57:00,BUY,-11.999999999998678,1.05056,1.05016,SLPR
2022-05-03 09:00:00,2022-05-03 09:13:00,BUY,-17.700000000002714,1.05006,1.04947,SLPR
2022-05-03 09:06:00,2022-05-03 09:09:00,BUY,21.600000000001618,1.04954,1.05026,TG
2022-05-03 09:43:00,2022-05-03 10:58:00,SELL,11.099999999999444,1.05061,1.05024,TGP
2022-05-03 09:54:00,2022-05-03 10:07:00,SELL,-13.199999999999878,1.05104,1.05148,SLPR
2022-05-03 10:20:00,2022-05-03 10:38:00,SELL,20.099999999998452,1.05174,1.05107,TG
2022-05-03 10:38:00,2022-05-03 11:38:00,BUY,23.100000000004783,1.05107,1.05184,TG
2022-05-03 10:58:00,2022-05-03 11:02:00,BUY,-5.40000000000207,1.05024,1.05006,SLPR
2022-05-03 11:35:00,2022-05-03 11:53:00,SELL,-21.299999999999653,1.05196,1.05267,SLPR
2022-05-03 11:58:00,0,SELL,0.0,1.05339,0.0,0
2022-05-03 12:06:00,0,SELL,0.0,1.05433,0.0,0
2022-05-03 12:16:00,2022-05-03 12:30:00,SELL,-27.000000000003688,1.05551,1.05641,SLPR
2022-05-03 12:41:00,2022-05-03 13:14:00,SELL,18.00000000000468,1.05702,1.05642,TG
2022-05-03 13:49:00,2022-05-03 14:04:00,BUY,-11.099999999999444,1.05505,1.05468,SLPR
2022-05-03 14:11:00,2022-05-03 14:25:00,BUY,22.500000000000853,1.05435,1.0551,TG
2022-05-03 14:33:00,2022-05-03 14:44:00,SELL,32.399999999999096,1.05561,1.05453,TG
2022-05-03 14:44:00,2022-05-03 14:47:00,BUY,-14.699999999996383,1.05453,1.05404,SLPR
2022-05-03 14:55:00,2022-05-03 15:01:00,BUY,-7.200000000000539,1.0538,1.05356,SLPR
2022-05-03 16:02:00,2022-05-03 17:23:00,BUY,16.500000000001513,1.05294,1.05349,TG
2022-05-03 16:04:00,2022-05-03 17:23:00,BUY,16.500000000001513,1.05294,1.05349,TG
2022-05-03 17:06:00,2022-05-03 17:08:00,SELL,-16.199999999999548,1.05196,1.0525,SLPR
2022-05-03 18:23:00,2022-05-03 18:39:00,BUY,-13.199999999999878,1.05196,1.05152,SLPR
2022-05-03 18:40:00,2022-05-03 18:55:00,BUY,20.400000000000418,1.05161,1.05229,TGP
2022-05-03 18:44:00,2022-05-03 18:52:00,BUY,21.599999999994957,1.05143,1.05215,TG
2022-05-03 18:55:00,2022-05-03 19:08:00,SELL,-9.899999999998244,1.05229,1.05262,SLPR
2022-05-03 19:02:00,2022-05-03 19:21:00,SELL,-13.199999999999878,1.05227,1.05271,SLPR
2022-05-03 19:27:00,2022-05-03 21:00:00,BUY,-7.200000000000539,1.05215,1.05191,SLPR
2022-05-03 20:45:00,2022-05-03 22:07:00,BUY,5.999999999999339,1.05213,1.05233,TGP
2022-05-03 21:28:00,2022-05-03 21:58:00,BUY,5.40000000000207,1.05192,1.0521,TGP
2022-05-03 21:58:00,0,SELL,0.0,1.0521,0.0,0
2022-05-03 22:07:00,2022-05-03 22:13:00,SELL,-8.699999999997043,1.05233,1.05262,SLPR
2022-05-03 22:15:00,2022-05-03 23:26:00,SELL,14.400000000001079,1.05258,1.0521,TGP
2022-05-03 22:18:00,2022-05-03 23:26:00,SELL,12.899999999997913,1.05253,1.0521,TGP
2022-05-03 23:26:00,2022-05-03 23:54:00,BUY,5.1000000000001044,1.0521,1.05227,TGP
2022-05-03 23:30:00,2022-05-03 23:54:00,BUY,4.500000000002835,1.05212,1.05227,TGP
2022-05-03 23:54:00,2022-05-04 00:29:00,SELL,7.200000000000539,1.05227,1.05203,TGP
2022-05-04 00:03:00,2022-05-04 00:23:00,SELL,25.800000000002488,1.05305,1.05219,TG
2022-05-04 00:23:00,2022-05-04 00:52:00,BUY,11.099999999999444,1.05219,1.05256,TGP
2022-05-04 00:29:00,2022-05-04 00:52:00,BUY,15.899999999997583,1.05203,1.05256,TGP
2022-05-04 00:52:00,2022-05-04 01:15:00,SELL,12.599999999995948,1.05256,1.05214,TGP
2022-05-04 01:15:00,2022-05-04 01:32:00,BUY,13.199999999999878,1.05214,1.05258,TGP
2022-05-04 01:32:00,2022-05-04 01:44:00,SELL,-11.999999999998678,1.05258,1.05298,SLPR
2022-05-04 01:50:00,2022-05-04 02:18:00,SELL,10.499999999995513,1.05293,1.05258,TGP
2022-05-04 02:18:00,2022-05-04 02:42:00,BUY,-11.700000000003374,1.05258,1.05219,SLPR
2022-05-04 02:43:00,0,BUY,0.0,1.05225,0.0,0
2022-05-04 02:52:00,0,BUY,0.0,1.05215,0.0,0
2022-05-04 03:25:00,2022-05-04 04:20:00,BUY,3.599999999996939,1.05169,1.05181,TGP
2022-05-04 03:34:00,2022-05-04 04:20:00,BUY,9.299999999994313,1.0515,1.05181,TGP
2022-05-04 04:20:00,2022-05-04 05:29:00,SELL,18.299999999999983,1.05181,1.0512,TGP
2022-05-04 05:29:00,2022-05-04 06:00:00,BUY,-10.799999999997478,1.0512,1.05084,SLPR
2022-05-04 06:03:00,2022-05-04 06:11:00,BUY,15.900000000004244,1.0508,1.05133,TG
2022-05-04 06:11:00,2022-05-04 06:51:00,SELL,9.00000000000567,1.05133,1.05103,TGP
2022-05-04 06:22:00,2022-05-04 06:51:00,SELL,30.600000000000627,1.05205,1.05103,TG
2022-05-04 06:51:00,2022-05-04 07:09:00,BUY,35.10000000000346,1.05103,1.0522,TG
2022-05-04 07:06:00,2022-05-04 07:15:00,SELL,29.09999999999746,1.05226,1.05129,TG
2022-05-04 07:09:00,2022-05-04 07:15:00,SELL,27.29999999999899,1.0522,1.05129,TG
2022-05-04 07:42:00,2022-05-04 08:31:00,SELL,-24.600000000001288,1.0524,1.05322,SLPR
2022-05-04 08:32:00,2022-05-04 09:01:00,SELL,18.60000000000195,1.05294,1.05232,TG
2022-05-04 08:48:00,2022-05-04 09:01:00,SELL,25.20000000000522,1.05316,1.05232,TG
2022-05-04 09:01:00,2022-05-04 09:07:00,BUY,-10.499999999995513,1.05232,1.05197,SLPR
2022-05-04 09:13:00,2022-05-04 09:26:00,BUY,20.999999999997687,1.052,1.0527,TG
2022-05-04 09:26:00,2022-05-04 09:50:00,SELL,14.999999999998348,1.0527,1.0522,TGP
2022-05-04 09:33:00,2022-05-04 09:51:00,SELL,21.600000000001618,1.05304,1.05232,TG
2022-05-04 09:50:00,2022-05-04 10:14:00,BUY,15.899999999997583,1.0522,1.05273,TGP
2022-05-04 10:14:00,2022-05-04 11:06:00,SELL,-10.500000000002174,1.05273,1.05308,SLPR
2022-05-04 10:58:00,2022-05-04 11:06:00,SELL,-6.60000000000327,1.05286,1.05308,SLPR
2022-05-04 11:00:00,2022-05-04 11:47:00,SELL,5.699999999997374,1.05269,1.0525,TGP
2022-05-04 11:29:00,2022-05-04 11:49:00,SELL,22.500000000000853,1.05335,1.0526,TG
2022-05-04 11:47:00,2022-05-04 12:19:00,BUY,24.299999999999322,1.0525,1.05331,TG
2022-05-04 12:31:00,2022-05-04 12:37:00,SELL,-16.199999999999548,1.05395,1.05449,SLPR
2022-05-04 12:47:00,2022-05-04 13:01:00,SELL,-10.500000000002174,1.055,1.05535,SLPR
2022-05-04 13:38:00,2022-05-04 13:50:00,BUY,-18.299999999999983,1.05417,1.05356,SLPR
2022-05-04 14:08:00,2022-05-04 14:21:00,BUY,15.600000000002279,1.05279,1.05331,TG
2022-05-04 14:55:00,2022-05-04 15:59:00,SELL,11.699999999996713,1.05435,1.05396,TGP
2022-05-04 14:59:00,2022-05-04 15:11:00,SELL,-15.600000000002279,1.05457,1.05509,SLPR
2022-05-04 15:17:00,2022-05-04 15:23:00,SELL,-15.300000000000313,1.05557,1.05608,SLPR
2022-05-04 15:26:00,2022-05-04 15:35:00,SELL,27.600000000000957,1.05616,1.05524,TG
2022-05-04 15:40:00,2022-05-04 15:51:00,BUY,-12.899999999997913,1.05479,1.05436,SLPR
2022-05-04 15:47:00,2022-05-04 15:52:00,BUY,-9.899999999998244,1.05466,1.05433,SLPR
2022-05-04 15:59:00,2022-05-04 16:16:00,BUY,-13.799999999997148,1.05396,1.0535,SLPR
2022-05-04 16:05:00,2022-05-04 16:53:00,BUY,25.500000000000522,1.05362,1.05447,TG
2022-05-04 17:03:00,2022-05-04 17:27:00,SELL,23.100000000004783,1.05489,1.05412,TG
2022-05-04 17:07:00,2022-05-04 17:31:00,SELL,24.000000000004018,1.05485,1.05405,TG
2022-05-04 17:34:00,2022-05-04 17:56:00,BUY,8.699999999997043,1.05393,1.05422,TGP
2022-05-04 17:37:00,2022-05-04 17:46:00,BUY,-8.999999999999009,1.05378,1.05348,SLPR
2022-05-04 17:40:00,2022-05-04 17:46:00,BUY,-6.899999999998574,1.05371,1.05348,SLPR
2022-05-04 17:48:00,2022-05-04 17:56:00,BUY,17.099999999998783,1.05365,1.05422,TGP
2022-05-04 17:56:00,2022-05-04 18:00:00,SELL,11.099999999999444,1.05422,1.05385,TG
2022-05-04 18:08:00,2022-05-04 18:13:00,SELL,24.600000000001288,1.05623,1.05541,TG
2022-05-04 19:04:00,2022-05-04 19:07:00,SELL,15.00000000000501,1.05926,1.05876,TG
2022-05-04 19:40:00,2022-05-04 19:43:00,SELL,33.60000000000029,1.06105,1.05993,TG
2022-05-04 20:59:00,2022-05-04 22:18:00,SELL,5.699999999997374,1.06179,1.0616,TGP
2022-05-04 22:18:00,2022-05-04 22:34:00,BUY,-11.100000000006105,1.0616,1.06123,SLPR
2022-05-04 22:37:00,2022-05-05 00:00:00,BUY,22.500000000000853,1.06113,1.06188,TG
2022-05-04 22:43:00,2022-05-04 22:49:00,BUY,-8.700000000003705,1.06099,1.0607,SLPR
2022-05-04 22:50:00,2022-05-05 00:00:00,BUY,32.70000000000106,1.06079,1.06188,TG
2022-05-04 22:56:00,2022-05-05 00:00:00,BUY,35.70000000000073,1.06069,1.06188,TG
2022-05-05 00:05:00,2022-05-05 00:07:00,SELL,21.600000000001618,1.0624,1.06168,TG
2022-05-05 00:24:00,2022-05-05 00:30:00,SELL,22.799999999996157,1.06222,1.06146,TG
2022-05-05 00:30:00,2022-05-05 00:38:00,BUY,-19.500000000001183,1.06146,1.06081,SLPR
2022-05-05 00:42:00,2022-05-05 00:59:00,BUY,22.199999999998887,1.06057,1.06131,TG
2022-05-05 01:34:00,2022-05-05 01:41:00,SELL,28.200000000004888,1.06326,1.06232,TG
2022-05-05 02:15:00,2022-05-05 02:24:00,BUY,-5.40000000000207,1.06185,1.06167,SLPR
2022-05-05 02:19:00,2022-05-05 02:27:00,BUY,-9.00000000000567,1.06177,1.06147,SLPR
2022-05-05 02:28:00,2022-05-05 02:36:00,BUY,19.199999999999218,1.06159,1.06223,TG
2022-05-05 02:36:00,2022-05-05 03:11:00,SELL,0.8999999999992347,1.06223,1.0622,TGP
2022-05-05 02:44:00,2022-05-05 03:01:00,SELL,14.700000000003044,1.06267,1.06218,TGP
2022-05-05 03:01:00,2022-05-05 03:41:00,BUY,15.00000000000501,1.06218,1.06268,TGP
2022-05-05 03:11:00,2022-05-05 03:41:00,BUY,14.400000000001079,1.0622,1.06268,TGP
2022-05-05 03:41:00,2022-05-05 03:48:00,SELL,24.900000000003253,1.06268,1.06185,TG
2022-05-05 03:48:00,0,BUY,0.0,1.06185,0.0,0
2022-05-05 03:59:00,0,BUY,0.0,1.06171,0.0,0
2022-05-05 04:07:00,2022-05-05 04:29:00,BUY,-9.60000000000294,1.06126,1.06094,SLPR
2022-05-05 05:10:00,2022-05-05 05:27:00,BUY,19.500000000001183,1.06104,1.06169,TG
2022-05-05 05:25:00,2022-05-05 05:48:00,SELL,20.400000000000418,1.0618,1.06112,TG
2022-05-05 06:03:00,2022-05-05 06:05:00,BUY,6.599999999996609,1.06061,1.06083,SLPR
2022-05-05 06:32:00,2022-05-05 07:16:00,BUY,-19.500000000001183,1.06032,1.05967,SLPR
2022-05-05 06:37:00,2022-05-05 06:44:00,BUY,-16.199999999999548,1.05992,1.05938,SL
2022-05-05 07:26:00,2022-05-05 07:38:00,BUY,12.599999999995948,1.05892,1.05934,TG
2022-05-05 07:30:00,2022-05-05 07:36:00,BUY,24.000000000004018,1.05869,1.05949,TG
2022-05-05 08:04:00,2022-05-05 08:09:00,BUY,-11.699999999996713,1.05897,1.05858,SLPR
2022-05-05 08:53:00,2022-05-05 09:11:00,SELL,-7.799999999997809,1.05969,1.05995,SLPR
2022-05-05 10:04:00,2022-05-05 10:46:00,SELL,26.700000000001722,1.06024,1.05935,TG
2022-05-05 10:14:00,2022-05-05 10:22:00,SELL,22.199999999998887,1.06051,1.05977,TG
2022-05-05 10:46:00,2022-05-05 11:01:00,BUY,14.999999999998348,1.05935,1.05985,TG
2022-05-05 10:53:00,2022-05-05 11:01:00,BUY,24.299999999999322,1.05904,1.05985,TG
2022-05-05 11:01:00,2022-05-05 11:03:00,SELL,25.799999999995826,1.05985,1.05899,TG
2022-05-05 11:31:00,2022-05-05 11:44:00,BUY,-15.900000000004244,1.05607,1.05554,SL
2022-05-05 11:46:00,2022-05-05 11:54:00,BUY,-26.999999999997026,1.05547,1.05457,SLPR
2022-05-05 11:55:00,2022-05-05 12:04:00,BUY,28.500000000000192,1.05483,1.05578,TG
2022-05-05 12:10:00,2022-05-05 12:20:00,SELL,-21.299999999999653,1.05633,1.05704,SLPR
2022-05-05 12:14:00,2022-05-05 12:20:00,SELL,-11.099999999999444,1.05667,1.05704,SLPR
2022-05-05 12:22:00,2022-05-05 12:24:00,SELL,22.799999999996157,1.05697,1.05621,TG
2022-05-05 12:36:00,2022-05-05 12:43:00,BUY,-5.1000000000001044,1.05558,1.05541,SLPR
2022-05-05 12:47:00,2022-05-05 12:55:00,BUY,-3.6000000000036003,1.05519,1.05507,SLPR
2022-05-05 13:26:00,2022-05-05 13:32:00,SELL,34.800000000001496,1.05633,1.05517,TG
2022-05-05 13:35:00,2022-05-05 13:41:00,BUY,23.999999999997357,1.05506,1.05586,TG
2022-05-05 13:53:00,2022-05-05 13:58:00,BUY,23.999999999997357,1.05444,1.05524,TG
2022-05-05 14:51:00,2022-05-05 14:56:00,BUY,-17.999999999998018,1.05355,1.05295,SLPR
2022-05-05 15:14:00,2022-05-05 15:23:00,BUY,-15.900000000004244,1.05126,1.05073,SL
2022-05-05 16:01:00,2022-05-05 16:32:00,BUY,14.400000000001079,1.05049,1.05097,TG
2022-05-05 16:12:00,2022-05-05 16:24:00,BUY,-10.200000000000209,1.04979,1.04945,SLPR
2022-05-05 16:32:00,2022-05-05 17:01:00,SELL,-14.400000000001079,1.05097,1.05145,SLPR
2022-05-05 17:09:00,2022-05-05 17:14:00,SELL,22.799999999996157,1.05236,1.0516,TG
2022-05-05 17:28:00,2022-05-05 17:54:00,BUY,-4.20000000000087,1.05088,1.05074,SLPR
2022-05-05 17:34:00,2022-05-05 17:55:00,BUY,-19.500000000001183,1.05101,1.05036,SLPR
2022-05-05 18:17:00,2022-05-05 18:50:00,SELL,-15.299999999993652,1.05106,1.05157,SLPR
2022-05-05 18:21:00,2022-05-05 18:30:00,SELL,16.80000000000348,1.05139,1.05083,TG
2022-05-05 18:56:00,2022-05-05 19:00:00,SELL,-8.999999999999009,1.05177,1.05207,SLPR
2022-05-05 18:59:00,0,SELL,0.0,1.05155,0.0,0
2022-05-05 19:10:00,0,SELL,0.0,1.05231,0.0,0
2022-05-05 19:26:00,2022-05-05 19:34:00,SELL,-19.49999999999452,1.05353,1.05418,SLPR
2022-05-05 19:41:00,2022-05-05 19:58:00,SELL,-10.799999999997478,1.05465,1.05501,SLPR
2022-05-05 19:45:00,2022-05-05 20:42:00,SELL,28.800000000002157,1.05484,1.05388,TG
2022-05-05 20:38:00,2022-05-05 22:02:00,BUY,6.899999999998574,1.05392,1.05415,TGP
2022-05-05 20:41:00,2022-05-05 22:02:00,BUY,9.899999999998244,1.05382,1.05415,TGP
2022-05-05 22:37:00,2022-05-05 23:12:00,SELL,15.599999999995617,1.05456,1.05404,TGP
2022-05-05 22:39:00,2022-05-05 22:59:00,SELL,-11.699999999996713,1.05458,1.05497,SLPR
2022-05-05 23:00:00,2022-05-05 23:12:00,SELL,19.49999999999452,1.05469,1.05404,TGP
2022-05-05 23:12:00,2022-05-05 23:26:00,BUY,-14.400000000001079,1.05404,1.05356,SLPR
2022-05-05 23:28:00,2022-05-06 00:11:00,BUY,-13.80000000000381,1.05387,1.05341,SLPR
2022-05-06 00:15:00,2022-05-06 00:26:00,BUY,30.900000000002592,1.05361,1.05464,TG
2022-05-06 00:26:00,2022-05-06 00:33:00,SELL,22.500000000000853,1.05464,1.05389,TG
2022-05-06 01:24:00,2022-05-06 01:34:00,BUY,-17.400000000000748,1.05288,1.0523,SLPR
2022-05-06 01:35:00,2022-05-06 01:41:00,BUY,-3.599999999996939,1.05239,1.05227,SLPR
2022-05-06 01:50:00,2022-05-06 02:56:00,BUY,28.200000000004888,1.05215,1.05309,TG
2022-05-06 02:56:00,2022-05-06 03:22:00,SELL,-8.699999999997043,1.05309,1.05338,SLPR
2022-05-06 03:14:00,2022-05-06 03:24:00,SELL,-7.500000000002505,1.05337,1.05362,SLPR
2022-05-06 03:58:00,0,BUY,0.0,1.05329,0.0,0
2022-05-06 04:00:00,0,BUY,0.0,1.05331,0.0,0
2022-05-06 04:18:00,2022-05-06 04:59:00,BUY,13.799999999997148,1.05271,1.05317,TGP
2022-05-06 04:59:00,2022-05-06 05:43:00,SELL,18.299999999999983,1.05317,1.05256,TGP
2022-05-06 05:30:00,2022-05-06 05:43:00,SELL,18.60000000000195,1.05318,1.05256,TGP
2022-05-06 05:57:00,2022-05-06 06:07:00,BUY,-12.60000000000261,1.05224,1.05182,SLPR
2022-05-06 06:03:00,2022-05-06 06:07:00,BUY,-9.60000000000294,1.05214,1.05182,SLPR
2022-05-06 06:11:00,2022-05-06 06:26:00,BUY,-11.999999999998678,1.05176,1.05136,SLPR
2022-05-06 06:20:00,2022-05-06 06:28:00,BUY,-14.099999999999113,1.05154,1.05107,SLPR
2022-05-06 06:30:00,2022-05-06 06:35:00,BUY,18.00000000000468,1.05107,1.05167,TG
2022-05-06 07:00:00,2022-05-06 07:10:00,BUY,-23.099999999998122,1.04915,1.04838,SL
2022-05-06 07:29:00,2022-05-06 07:34:00,SELL,26.999999999997026,1.05059,1.04969,TG
2022-05-06 07:59:00,2022-05-06 08:01:00,SELL,27.600000000000957,1.05315,1.05223,TG
2022-05-06 08:18:00,2022-05-06 08:23:00,SELL,29.700000000001392,1.05454,1.05355,TG
2022-05-06 08:20:00,2022-05-06 08:23:00,SELL,28.199999999998226,1.05449,1.05355,TG
2022-05-06 08:40:00,2022-05-06 08:52:00,SELL,27.89999999999626,1.05663,1.0557,TG
2022-05-06 08:44:00,2022-05-06 08:49:00,SELL,24.299999999999322,1.05722,1.05641,TG
2022-05-06 09:40:00,2022-05-06 10:07:00,SELL,-21.600000000001618,1.05703,1.05775,SLPR
2022-05-06 10:13:00,2022-05-06 10:29:00,SELL,-31.800000000001827,1.05795,1.05901,SLPR
2022-05-06 10:32:00,2022-05-06 10:50:00,SELL,-25.800000000002488,1.05873,1.05959,SLPR
2022-05-06 10:52:00,2022-05-06 11:00:00,SELL,24.599999999994626,1.05923,1.05841,TG
2022-05-06 11:46:00,2022-05-06 11:49:00,BUY,-15.300000000000313,1.05761,1.0571,SLPR
2022-05-06 11:50:00,2022-05-06 12:14:00,BUY,-10.199999999993548,1.05723,1.05689,SLPR
2022-05-06 11:59:00,2022-05-06 12:09:00,BUY,20.999999999997687,1.05653,1.05723,TG
2022-05-06 12:02:00,2022-05-06 12:06:00,BUY,21.600000000001618,1.05615,1.05687,TG
2022-05-06 12:34:00,2022-05-06 12:36:00,SELL,30.89999999999593,1.05879,1.05776,TG
2022-05-06 13:04:00,2022-05-06 13:08:00,BUY,21.299999999999653,1.05532,1.05603,TG
2022-05-06 13:29:00,2022-05-06 13:39:00,SELL,24.89999999999659,1.05808,1.05725,TG
2022-05-06 13:31:00,2022-05-06 13:34:00,SELL,20.700000000002383,1.05844,1.05775,TG
2022-05-06 13:57:00,2022-05-06 14:00:00,SELL,24.600000000001288,1.0587,1.05788,TG
2022-05-06 14:38:00,2022-05-06 14:56:00,BUY,24.89999999999659,1.05698,1.05781,TG
2022-05-06 15:28:00,2022-05-06 15:41:00,SELL,27.29999999999899,1.05923,1.05832,TG
2022-05-06 15:50:00,0,BUY,0.0,1.05814,0.0,0
2022-05-06 16:09:00,2022-05-06 16:28:00,BUY,-14.700000000003044,1.05728,1.05679,SLPR
2022-05-06 16:30:00,2022-05-06 16:51:00,BUY,19.199999999999218,1.05681,1.05745,TG
2022-05-06 17:45:00,0,BUY,0.0,1.05624,0.0,0
2022-05-06 17:52:00,0,BUY,0.0,1.05583,0.0,0
2022-05-06 18:01:00,2022-05-06 18:32:00,BUY,-10.200000000000209,1.05522,1.05488,SLPR
2022-05-06 18:34:00,2022-05-06 19:05:00,BUY,-11.099999999999444,1.05473,1.05436,SLPR
2022-05-06 18:43:00,2022-05-06 19:17:00,BUY,-15.300000000000313,1.05449,1.05398,SLPR
2022-05-06 19:19:00,2022-05-06 19:51:00,BUY,34.49999999999953,1.05409,1.05524,TG
2022-05-06 19:26:00,2022-05-06 19:31:00,BUY,17.400000000000748,1.05378,1.05436,TG
2022-05-06 19:41:00,2022-05-06 20:04:00,SELL,16.799999999996817,1.05493,1.05437,TGP
2022-05-06 19:51:00,2022-05-06 20:02:00,SELL,23.400000000000087,1.05524,1.05446,TG
2022-05-06 20:04:00,2022-05-06 20:28:00,BUY,-8.099999999999774,1.05437,1.0541,SLPR
2022-05-06 20:22:00,2022-05-06 20:46:00,BUY,-5.40000000000207,1.05427,1.05409,SLPR
2022-05-08 20:05:00,2022-05-08 20:26:00,SELL,42.599999999999305,1.05544,1.05402,TG
2022-05-08 20:11:00,2022-05-08 20:26:00,SELL,42.00000000000203,1.05542,1.05402,TG
2022-05-08 22:09:00,2022-05-08 23:15:00,BUY,-8.099999999999774,1.05373,1.05346,SLPR
2022-05-08 23:25:00,2022-05-08 23:47:00,BUY,12.899999999997913,1.05315,1.05358,TGP
2022-05-08 23:47:00,2022-05-08 23:59:00,SELL,12.899999999997913,1.05358,1.05315,TGP
2022-05-08 23:59:00,2022-05-09 00:17:00,BUY,-11.400000000001409,1.05315,1.05277,SLPR
2022-05-09 00:15:00,2022-05-09 00:18:00,BUY,-13.199999999999878,1.05301,1.05257,SLPR
2022-05-09 00:20:00,2022-05-09 00:50:00,BUY,-14.400000000001079,1.05281,1.05233,SLPR
2022-05-09 01:04:00,2022-05-09 01:08:00,BUY,24.900000000003253,1.05154,1.05237,TG
2022-05-09 01:47:00,2022-05-09 01:52:00,SELL,-3.300000000001635,1.05218,1.05229,SLPR
2022-05-09 01:49:00,2022-05-09 02:41:00,SELL,24.900000000003253,1.05211,1.05128,TG
2022-05-09 01:57:00,2022-05-09 02:15:00,SELL,19.500000000001183,1.0523,1.05165,TG
2022-05-09 02:41:00,0,BUY,0.0,1.05128,0.0,0
2022-05-09 02:50:00,2022-05-09 03:15:00,BUY,-8.999999999999009,1.05088,1.05058,SLPR
2022-05-09 03:50:00,2022-05-09 04:22:00,BUY,22.199999999998887,1.05041,1.05115,TG
2022-05-09 04:02:00,2022-05-09 04:12:00,SELL,12.300000000000644,1.05108,1.05067,TGP
2022-05-09 04:12:00,2022-05-09 04:34:00,BUY,22.199999999998887,1.05067,1.05141,TG
2022-05-09 04:30:00,2022-05-09 05:11:00,SELL,27.600000000000957,1.05142,1.0505,TG
2022-05-09 04:34:00,2022-05-09 05:11:00,SELL,27.29999999999899,1.05141,1.0505,TG
2022-05-09 06:05:00,2022-05-09 06:51:00,SELL,28.199999999998226,1.05111,1.05017,TG
2022-05-09 06:55:00,2022-05-09 07:01:00,BUY,22.800000000002818,1.04964,1.0504,TG
2022-05-09 07:15:00,2022-05-09 07:25:00,SELL,27.29999999999899,1.05141,1.0505,TG
2022-05-09 07:41:00,2022-05-09 07:43:00,SELL,24.299999999999322,1.05247,1.05166,TG
2022-05-09 07:56:00,2022-05-09 08:07:00,BUY,30.600000000000627,1.05087,1.05189,TG
2022-05-09 09:09:00,2022-05-09 09:18:00,SELL,-8.099999999999774,1.05139,1.05166,SLPR
2022-05-09 09:12:00,2022-05-09 09:46:00,SELL,-9.300000000000974,1.05148,1.05179,SLPR
2022-05-09 09:44:00,0,SELL,0.0,1.05156,0.0,0
2022-05-09 09:53:00,0,SELL,0.0,1.05219,0.0,0
2022-05-09 10:00:00,0,SELL,0.0,1.05254,0.0,0
2022-05-09 10:09:00,2022-05-09 10:14:00,SELL,-24.600000000001288,1.05325,1.05407,SLPR
2022-05-09 10:51:00,2022-05-09 10:56:00,SELL,-18.299999999999983,1.05429,1.0549,SLPR
2022-05-09 11:58:00,2022-05-09 12:04:00,SELL,-10.200000000000209,1.05488,1.05522,SLPR
2022-05-09 12:09:00,2022-05-09 12:17:00,SELL,24.299999999999322,1.05619,1.05538,TG
2022-05-09 12:23:00,2022-05-09 13:14:00,SELL,47.699999999999406,1.05614,1.05455,TG
2022-05-09 12:37:00,2022-05-09 12:51:00,SELL,25.199999999998557,1.05688,1.05604,TG
2022-05-09 13:14:00,2022-05-09 13:40:00,BUY,-24.600000000001288,1.05455,1.05373,SLPR
2022-05-09 13:22:00,2022-05-09 13:39:00,BUY,14.099999999999113,1.05402,1.05449,TG
2022-05-09 14:30:00,2022-05-09 15:58:00,BUY,81.0000000000044,1.0528,1.0555,TG
2022-05-09 15:56:00,2022-05-09 16:06:00,SELL,-20.699999999995722,1.0556,1.05629,SLPR
2022-05-09 16:25:00,2022-05-09 17:04:00,SELL,34.49999999999953,1.05847,1.05732,TG
2022-05-09 16:30:00,2022-05-09 16:48:00,SELL,23.700000000002053,1.05875,1.05796,TG
2022-05-09 16:56:00,0,BUY,0.0,1.05763,0.0,0
2022-05-09 17:04:00,0,BUY,0.0,1.05732,0.0,0
2022-05-09 17:16:00,2022-05-09 17:36:00,BUY,-11.099999999999444,1.05671,1.05634,SLPR
2022-05-09 17:25:00,2022-05-09 17:38:00,BUY,-13.500000000001844,1.05624,1.05579,SLPR
2022-05-09 17:41:00,2022-05-09 18:19:00,BUY,13.500000000001844,1.05579,1.05624,TG
2022-05-09 18:19:00,2022-05-09 18:25:00,SELL,24.000000000004018,1.05624,1.05544,TG
2022-05-09 18:30:00,2022-05-09 18:48:00,BUY,19.199999999999218,1.05536,1.056,TG
2022-05-09 18:33:00,2022-05-09 18:44:00,BUY,20.099999999998452,1.05516,1.05583,TG
2022-05-09 18:57:00,2022-05-09 19:28:00,SELL,7.799999999997809,1.05637,1.05611,TGP
2022-05-09 19:00:00,2022-05-09 19:28:00,SELL,7.799999999997809,1.05637,1.05611,TGP
2022-05-09 19:09:00,2022-05-09 19:28:00,SELL,26.999999999997026,1.05701,1.05611,TG
2022-05-09 19:14:00,2022-05-09 19:28:00,SELL,35.0999999999968,1.05728,1.05611,TG
2022-05-09 19:28:00,2022-05-09 19:54:00,BUY,-16.500000000001513,1.05611,1.05556,SLPR
2022-05-09 19:33:00,2022-05-09 19:54:00,BUY,-13.799999999997148,1.05602,1.05556,SLPR
2022-05-09 21:00:00,0,BUY,0.0,1.05573,0.0,0
2022-05-09 21:03:00,0,BUY,0.0,1.0557,0.0,0
2022-05-09 22:14:00,2022-05-09 23:05:00,BUY,14.099999999999113,1.05537,1.05584,TGP
2022-05-09 22:17:00,2022-05-09 23:05:00,BUY,13.799999999997148,1.05538,1.05584,TGP
2022-05-09 23:05:00,2022-05-10 00:03:00,SELL,-5.40000000000207,1.05584,1.05602,TGP
2022-05-09 23:37:00,2022-05-10 00:03:00,SELL,3.8999999999989043,1.05615,1.05602,TGP
2022-05-09 23:48:00,2022-05-10 00:03:00,SELL,18.60000000000195,1.05664,1.05602,TG
2022-05-10 00:03:00,2022-05-10 00:15:00,BUY,-10.799999999997478,1.05602,1.05566,SLPR
2022-05-10 02:23:00,2022-05-10 02:28:00,SELL,-16.499999999994852,1.05716,1.05771,SL
2022-05-10 03:41:00,0,SELL,0.0,1.05743,0.0,0
2022-05-10 03:43:00,0,SELL,0.0,1.05746,0.0,0
2022-05-10 04:00:00,2022-05-10 04:38:00,SELL,-8.700000000003705,1.05768,1.05797,SLPR
2022-05-10 04:07:00,2022-05-10 05:41:00,SELL,-9.899999999998244,1.05792,1.05825,SLPR
2022-05-10 05:44:00,2022-05-10 06:06:00,SELL,22.799999999996157,1.05815,1.05739,TG
2022-05-10 06:02:00,2022-05-10 06:08:00,BUY,-9.599999999996278,1.05747,1.05715,SLPR
2022-05-10 06:11:00,2022-05-10 06:19:00,BUY,-4.799999999998139,1.05721,1.05705,SLPR
2022-05-10 06:32:00,2022-05-10 07:46:00,BUY,19.199999999999218,1.05664,1.05728,TG
2022-05-10 06:38:00,2022-05-10 06:52:00,BUY,0.30000000000196536,1.05625,1.05626,SLPR
2022-05-10 07:05:00,2022-05-10 07:46:00,BUY,37.499999999999204,1.05603,1.05728,TG
2022-05-10 07:46:00,2022-05-10 07:49:00,SELL,21.299999999999653,1.05728,1.05657,TG
2022-05-10 08:00:00,2022-05-10 08:03:00,BUY,23.999999999997357,1.05606,1.05686,TG
2022-05-10 08:26:00,2022-05-10 08:38:00,BUY,25.799999999995826,1.05577,1.05663,TG
2022-05-10 08:48:00,2022-05-10 08:58:00,SELL,-21.299999999999653,1.05676,1.05747,SLPR
2022-05-10 08:59:00,2022-05-10 09:19:00,SELL,25.199999999998557,1.05717,1.05633,TG
2022-05-10 09:23:00,0,BUY,0.0,1.05618,0.0,0
2022-05-10 09:25:00,2022-05-10 09:41:00,BUY,-23.400000000000087,1.05603,1.05525,SLPR
2022-05-10 10:05:00,2022-05-10 10:20:00,BUY,26.399999999999757,1.05374,1.05462,TG
2022-05-10 10:20:00,2022-05-10 10:42:00,SELL,-9.300000000000974,1.05462,1.05493,SLPR
2022-05-10 11:02:00,2022-05-10 11:15:00,SELL,-10.499999999995513,1.05519,1.05554,SLPR
2022-05-10 11:24:00,2022-05-10 11:59:00,SELL,18.899999999997252,1.05589,1.05526,TG
2022-05-10 11:32:00,2022-05-10 11:54:00,SELL,24.600000000001288,1.05626,1.05544,TG
2022-05-10 11:38:00,2022-05-10 11:55:00,SELL,24.89999999999659,1.05618,1.05535,TG
2022-05-10 11:58:00,2022-05-10 12:10:00,BUY,-7.499999999995843,1.05513,1.05488,SLPR
2022-05-10 13:13:00,2022-05-10 13:21:00,SELL,29.700000000001392,1.0567,1.05571,TG
2022-05-10 13:24:00,2022-05-10 13:47:00,BUY,-11.999999999998678,1.05557,1.05517,SLPR
2022-05-10 13:55:00,2022-05-10 14:01:00,BUY,26.100000000004453,1.05446,1.05533,TG
2022-05-10 15:05:00,2022-05-10 15:11:00,BUY,24.900000000003253,1.05311,1.05394,TG
2022-05-10 15:17:00,2022-05-10 15:37:00,SELL,35.0999999999968,1.05435,1.05318,TG
2022-05-10 15:37:00,2022-05-10 15:43:00,BUY,-14.099999999999113,1.05318,1.05271,SLPR
2022-05-10 15:45:00,2022-05-10 15:55:00,BUY,23.69999999999539,1.05268,1.05347,TG
2022-05-10 16:52:00,2022-05-10 17:01:00,SELL,32.99999999999636,1.05446,1.05336,TG
2022-05-10 17:01:00,2022-05-10 17:16:00,BUY,-8.999999999999009,1.05336,1.05306,SLPR
2022-05-10 17:16:00,2022-05-10 17:54:00,BUY,19.799999999996487,1.05306,1.05372,TG
2022-05-10 17:19:00,2022-05-10 17:54:00,BUY,20.999999999997687,1.05302,1.05372,TG
2022-05-10 17:25:00,2022-05-10 17:46:00,BUY,21.599999999994957,1.05282,1.05354,TG
2022-05-10 17:54:00,2022-05-10 18:26:00,SELL,12.300000000000644,1.05372,1.05331,TGP
2022-05-10 18:28:00,2022-05-10 19:09:00,BUY,4.799999999998139,1.05328,1.05344,TGP
2022-05-10 18:41:00,2022-05-10 19:09:00,BUY,12.599999999995948,1.05302,1.05344,TGP
2022-05-10 19:09:00,2022-05-10 19:42:00,SELL,15.599999999995617,1.05344,1.05292,TGP
2022-05-10 19:42:00,2022-05-10 20:00:00,BUY,15.599999999995617,1.05292,1.05344,TGP
2022-05-10 20:00:00,2022-05-10 20:14:00,SELL,20.400000000000418,1.05344,1.05276,TGP
2022-05-10 20:14:00,2022-05-10 21:58:00,BUY,2.9999999999996696,1.05276,1.05286,TGP
2022-05-10 20:51:00,2022-05-10 22:06:00,BUY,4.20000000000087,1.05281,1.05295,TGP
2022-05-10 20:54:00,2022-05-10 22:06:00,BUY,4.8000000000048,1.05279,1.05295,TGP
2022-05-10 22:06:00,0,SELL,0.0,1.05295,0.0,0
2022-05-10 22:22:00,2022-05-10 23:43:00,SELL,4.799999999998139,1.05314,1.05298,TGP
2022-05-10 22:30:00,2022-05-10 23:43:00,SELL,9.300000000000974,1.05329,1.05298,TGP
2022-05-10 22:33:00,2022-05-10 23:43:00,SELL,9.899999999998244,1.05331,1.05298,TGP
2022-05-10 23:03:00,2022-05-11 00:35:00,BUY,5.999999999999339,1.05326,1.05346,TGP
2022-05-10 23:43:00,2022-05-11 00:28:00,BUY,8.999999999999009,1.05298,1.05328,TGP
2022-05-11 00:01:00,2022-05-11 00:28:00,BUY,16.199999999999548,1.05274,1.05328,TGP
2022-05-11 00:28:00,2022-05-11 01:15:00,SELL,15.300000000000313,1.05328,1.05277,TGP
2022-05-11 01:15:00,2022-05-11 02:09:00,BUY,22.800000000002818,1.05277,1.05353,TG
2022-05-11 02:37:00,2022-05-11 03:24:00,BUY,17.999999999998018,1.05309,1.05369,TGP
2022-05-11 03:24:00,2022-05-11 03:43:00,SELL,11.999999999998678,1.05369,1.05329,TGP
2022-05-11 03:43:00,2022-05-11 03:54:00,BUY,11.999999999998678,1.05329,1.05369,TGP
2022-05-11 03:54:00,2022-05-11 04:14:00,SELL,8.40000000000174,1.05369,1.05341,TGP
2022-05-11 04:14:00,2022-05-11 04:42:00,BUY,16.80000000000348,1.05341,1.05397,TGP
2022-05-11 04:42:00,2022-05-11 06:20:00,SELL,-5.699999999997374,1.05397,1.05416,SLPR
2022-05-11 04:46:00,2022-05-11 06:20:00,SELL,-2.9999999999996696,1.05406,1.05416,SLPR
2022-05-11 05:21:00,2022-05-11 05:58:00,SELL,2.9999999999996696,1.05441,1.05431,TGP
2022-05-11 05:36:00,2022-05-11 05:58:00,SELL,13.499999999995183,1.05476,1.05431,TG
2022-05-11 05:58:00,2022-05-11 06:16:00,BUY,-15.00000000000501,1.05431,1.05381,SL
2022-05-11 07:18:00,2022-05-11 07:22:00,SELL,2.100000000000435,1.05561,1.05554,SLPR
2022-05-11 07:28:00,2022-05-11 07:48:00,BUY,16.80000000000348,1.05479,1.05535,TG
2022-05-11 08:52:00,2022-05-11 09:09:00,SELL,-16.80000000000348,1.0569,1.05746,SLPR
2022-05-11 09:10:00,2022-05-11 09:19:00,SELL,23.400000000000087,1.05721,1.05643,TG
2022-05-11 09:26:00,2022-05-11 09:36:00,BUY,-7.500000000002505,1.0561,1.05585,SLPR
2022-05-11 10:06:00,2022-05-11 10:22:00,SELL,21.299999999999653,1.05627,1.05556,TG
2022-05-11 10:39:00,2022-05-11 10:59:00,BUY,-16.199999999999548,1.0551,1.05456,SLPR
2022-05-11 11:03:00,2022-05-11 11:15:00,BUY,24.600000000001288,1.05464,1.05546,TG
2022-05-11 12:10:00,2022-05-11 12:19:00,SELL,10.199999999993548,1.0554,1.05506,TG
2022-05-11 12:19:00,2022-05-11 12:30:00,BUY,-106.50000000000492,1.05506,1.05151,SLPR
2022-05-11 12:35:00,2022-05-11 12:50:00,BUY,20.700000000002383,1.05198,1.05267,TG
2022-05-11 12:39:00,2022-05-11 12:48:00,BUY,14.400000000001079,1.05168,1.05216,TG
2022-05-11 13:02:00,2022-05-11 13:08:00,BUY,25.800000000002488,1.05114,1.052,TG
2022-05-11 13:05:00,2022-05-11 13:08:00,BUY,33.00000000000303,1.0509,1.052,TG
2022-05-11 13:16:00,0,SELL,0.0,1.05422,0.0,0
2022-05-11 13:25:00,2022-05-11 13:30:00,SELL,-26.09999999999779,1.05531,1.05618,SLPR
2022-05-11 13:34:00,2022-05-11 13:42:00,SELL,-10.200000000000209,1.05586,1.0562,SLPR
2022-05-11 13:46:00,2022-05-11 13:50:00,SELL,22.500000000000853,1.05661,1.05586,TG
2022-05-11 15:12:00,2022-05-11 15:22:00,BUY,-16.199999999999548,1.05442,1.05388,SLPR
2022-05-11 16:03:00,2022-05-11 16:27:00,BUY,-19.199999999999218,1.05424,1.0536,SLPR
2022-05-11 16:12:00,2022-05-11 16:17:00,BUY,22.500000000000853,1.05355,1.0543,TG
2022-05-11 16:14:00,2022-05-11 16:21:00,BUY,-5.999999999999339,1.05375,1.05355,SLPR
2022-05-11 16:40:00,2022-05-11 17:00:00,BUY,21.299999999999653,1.05336,1.05407,TG
2022-05-11 17:12:00,2022-05-11 17:31:00,BUY,-13.500000000001844,1.05297,1.05252,SLPR
2022-05-11 17:35:00,2022-05-11 17:39:00,BUY,-14.400000000001079,1.05258,1.0521,SLPR
2022-05-11 17:53:00,2022-05-11 17:59:00,BUY,-11.700000000003374,1.0519,1.05151,SLPR
2022-05-11 19:17:00,2022-05-11 19:52:00,BUY,-14.999999999998348,1.05216,1.05166,SL
2022-05-11 19:46:00,0,BUY,0.0,1.0518,0.0,0
2022-05-11 19:48:00,0,BUY,0.0,1.05188,0.0,0
2022-05-11 19:58:00,0,BUY,0.0,1.05161,0.0,0
2022-05-11 20:18:00,2022-05-11 20:52:00,BUY,4.799999999998139,1.05106,1.05122,TGP
2022-05-11 20:52:00,0,SELL,0.0,1.05122,0.0,0
2022-05-11 21:55:00,2022-05-11 22:17:00,SELL,5.699999999997374,1.05145,1.05126,TGP
2022-05-11 22:17:00,2022-05-11 22:32:00,BUY,5.1000000000001044,1.05126,1.05143,TGP
2022-05-11 22:22:00,2022-05-11 22:32:00,BUY,7.80000000000447,1.05117,1.05143,TGP
2022-05-11 22:35:00,2022-05-11 23:30:00,SELL,4.799999999998139,1.05139,1.05123,TGP
2022-05-11 22:39:00,2022-05-11 23:27:00,SELL,9.00000000000567,1.0516,1.0513,TGP
2022-05-11 22:42:00,2022-05-11 23:27:00,SELL,8.099999999999774,1.05157,1.0513,TGP
2022-05-11 23:27:00,2022-05-11 23:55:00,BUY,-5.999999999999339,1.0513,1.0511,SLPR
2022-05-11 23:30:00,2022-05-12 00:04:00,BUY,-0.9000000000058961,1.05123,1.0512,SLPR
2022-05-12 00:29:00,0,SELL,0.0,1.05165,0.0,0
2022-05-12 00:45:00,0,SELL,0.0,1.05242,0.0,0
2022-05-12 02:25:00,2022-05-12 02:39:00,SELL,21.299999999999653,1.05274,1.05203,TG
2022-05-12 02:28:00,2022-05-12 02:39:00,SELL,22.799999999996157,1.05279,1.05203,TG
2022-05-12 02:37:00,2022-05-12 03:26:00,BUY,7.200000000000539,1.05199,1.05223,TGP
2022-05-12 02:39:00,2022-05-12 03:26:00,BUY,5.999999999999339,1.05203,1.05223,TGP
2022-05-12 02:45:00,2022-05-12 03:12:00,BUY,-6.899999999998574,1.05174,1.05151,SLPR
2022-05-12 02:53:00,2022-05-12 03:26:00,BUY,24.600000000001288,1.05141,1.05223,TG
2022-05-12 03:26:00,2022-05-12 04:27:00,SELL,12.300000000000644,1.05223,1.05182,TGP
2022-05-12 03:39:00,2022-05-12 04:27:00,SELL,17.999999999998018,1.05242,1.05182,TGP
2022-05-12 04:27:00,2022-05-12 04:53:00,BUY,11.700000000003374,1.05182,1.05221,TGP
2022-05-12 04:53:00,2022-05-12 05:11:00,SELL,21.00000000000435,1.05221,1.05151,TG
2022-05-12 05:24:00,2022-05-12 06:47:00,BUY,-5.1000000000001044,1.05111,1.05094,SLPR
2022-05-12 05:26:00,2022-05-12 06:48:00,BUY,-6.300000000001305,1.05118,1.05097,SLPR
2022-05-12 05:52:00,2022-05-12 05:57:00,BUY,-10.500000000002174,1.05043,1.05008,SLPR
2022-05-12 06:01:00,2022-05-12 06:12:00,BUY,-15.300000000000313,1.0501,1.04959,SLPR
2022-05-12 06:15:00,2022-05-12 06:22:00,BUY,4.20000000000087,1.04938,1.04952,SLPR
2022-05-12 06:22:00,2022-05-12 06:24:00,BUY,26.399999999999757,1.04952,1.0504,TG
2022-05-12 06:33:00,2022-05-12 06:38:00,SELL,-14.700000000003044,1.0507,1.05119,SLPR
2022-05-12 07:01:00,0,BUY,0.0,1.05031,0.0,0
2022-05-12 07:03:00,0,BUY,0.0,1.05014,0.0,0
2022-05-12 07:06:00,0,BUY,0.0,1.04982,0.0,0
2022-05-12 07:11:00,2022-05-12 07:17:00,BUY,-29.09999999999746,1.04952,1.04855,SL
2022-05-12 07:33:00,2022-05-12 07:37:00,BUY,17.400000000000748,1.04551,1.04609,TG
2022-05-12 07:48:00,2022-05-12 07:52:00,BUY,21.299999999999653,1.0447,1.04541,TG
2022-05-12 07:52:00,2022-05-12 07:57:00,BUY,21.299999999999653,1.04541,1.04612,TG
2022-05-12 09:00:00,2022-05-12 09:03:00,BUY,-51.59999999999832,1.04427,1.04255,SLPR
2022-05-12 09:06:00,2022-05-12 09:14:00,BUY,14.099999999999113,1.04334,1.04381,TG
2022-05-12 09:43:00,2022-05-12 10:15:00,BUY,25.800000000002488,1.0426,1.04346,TG
2022-05-12 10:15:00,2022-05-12 10:50:00,SELL,-5.1000000000001044,1.04346,1.04363,SLPR
2022-05-12 11:20:00,2022-05-12 12:46:00,BUY,11.999999999998678,1.04298,1.04338,TGP
2022-05-12 11:29:00,2022-05-12 12:32:00,BUY,5.999999999999339,1.04214,1.04234,TGP
2022-05-12 11:39:00,2022-05-12 12:29:00,BUY,26.09999999999779,1.04095,1.04182,TG
2022-05-12 11:44:00,2022-05-12 11:49:00,BUY,-19.500000000001183,1.04048,1.03983,SLPR
2022-05-12 11:51:00,2022-05-12 11:54:00,BUY,-15.00000000000501,1.03974,1.03924,SLPR
2022-05-12 12:18:00,2022-05-12 12:21:00,SELL,-9.300000000000974,1.04071,1.04102,SLPR
2022-05-12 12:23:00,2022-05-12 12:59:00,SELL,0.5999999999972694,1.04144,1.04142,TGP
2022-05-12 12:29:00,2022-05-12 12:59:00,SELL,11.999999999998678,1.04182,1.04142,TG
2022-05-12 12:46:00,2022-05-12 12:48:00,SELL,17.999999999998018,1.04338,1.04278,TG
2022-05-12 12:59:00,2022-05-12 13:03:00,BUY,22.800000000002818,1.04142,1.04218,TG
2022-05-12 13:52:00,2022-05-12 14:09:00,BUY,-18.60000000000195,1.0402,1.03958,SLPR
2022-05-12 14:29:00,2022-05-12 14:37:00,SELL,22.500000000000853,1.04126,1.04051,TG
2022-05-12 14:31:00,2022-05-12 14:37:00,SELL,22.199999999998887,1.04125,1.04051,TG
2022-05-12 14:41:00,2022-05-12 15:12:00,BUY,28.199999999998226,1.04031,1.04125,TG
2022-05-12 14:47:00,2022-05-12 15:12:00,BUY,28.800000000002157,1.04029,1.04125,TG
2022-05-12 15:12:00,2022-05-12 15:41:00,SELL,-19.199999999999218,1.04125,1.04189,SLPR
2022-05-12 15:46:00,2022-05-12 15:56:00,SELL,17.999999999998018,1.04179,1.04119,TG
2022-05-12 16:09:00,0,BUY,0.0,1.0408,0.0,0
2022-05-12 16:17:00,0,BUY,0.0,1.04014,0.0,0
2022-05-12 16:19:00,0,BUY,0.0,1.04018,0.0,0
2022-05-12 16:25:00,0,BUY,0.0,1.03969,0.0,0
2022-05-12 16:28:00,0,BUY,0.0,1.03947,0.0,0
2022-05-12 16:46:00,2022-05-12 17:01:00,BUY,-40.800000000000836,1.03725,1.03589,SLPR
2022-05-12 17:11:00,2022-05-12 17:19:00,BUY,18.60000000000195,1.03595,1.03657,TG
2022-05-12 17:24:00,2022-05-12 17:42:00,SELL,27.000000000003688,1.03716,1.03626,TG
2022-05-12 18:08:00,2022-05-12 18:29:00,SELL,-2.9999999999996696,1.0371,1.0372,SLPR
2022-05-12 19:06:00,2022-05-12 19:40:00,SELL,-6.60000000000327,1.03727,1.03749,SLPR
2022-05-12 19:53:00,2022-05-12 20:25:00,SELL,-8.999999999999009,1.03755,1.03785,SLPR
2022-05-12 20:31:00,2022-05-12 21:05:00,SELL,5.1000000000001044,1.03771,1.03754,TGP
2022-05-12 20:57:00,2022-05-12 21:05:00,SELL,15.600000000002279,1.03806,1.03754,TGP
2022-05-12 21:05:00,2022-05-12 21:25:00,BUY,10.200000000000209,1.03754,1.03788,TGP
2022-05-12 21:25:00,0,SELL,0.0,1.03788,0.0,0
2022-05-12 21:32:00,2022-05-12 22:00:00,SELL,-2.6999999999977042,1.03803,1.03812,TGP
2022-05-12 22:00:00,0,BUY,0.0,1.03812,0.0,0
2022-05-12 23:00:00,2022-05-12 23:42:00,BUY,3.8999999999989043,1.0378,1.03793,TGP
2022-05-12 23:42:00,2022-05-13 00:05:00,SELL,11.999999999998678,1.03793,1.03753,TGP
2022-05-12 23:48:00,2022-05-13 00:05:00,SELL,21.299999999999653,1.03824,1.03753,TG
2022-05-13 00:05:00,2022-05-13 00:55:00,BUY,10.499999999995513,1.03753,1.03788,TG
2022-05-13 01:18:00,2022-05-13 01:40:00,SELL,18.899999999997252,1.03847,1.03784,TG
2022-05-13 01:40:00,2022-05-13 02:33:00,BUY,20.099999999998452,1.03784,1.03851,TG
2022-05-13 02:29:00,0,SELL,0.0,1.0386,0.0,0
2022-05-13 02:43:00,0,SELL,0.0,1.03878,0.0,0
2022-05-13 02:47:00,2022-05-13 03:15:00,SELL,-14.999999999998348,1.03889,1.03939,SLPR
2022-05-13 03:23:00,2022-05-13 03:56:00,SELL,11.700000000003374,1.03949,1.0391,TGP
2022-05-13 03:42:00,2022-05-13 03:56:00,SELL,15.900000000004244,1.03963,1.0391,TGP
2022-05-13 03:56:00,2022-05-13 04:14:00,BUY,3.9000000000055657,1.0391,1.03923,TGP
2022-05-13 04:14:00,2022-05-13 04:57:00,SELL,-11.399999999994748,1.03923,1.03961,SLPR
2022-05-13 04:58:00,2022-05-13 06:20:00,SELL,25.20000000000522,1.03953,1.03869,TG
2022-05-13 05:01:00,2022-05-13 06:20:00,SELL,25.800000000002488,1.03955,1.03869,TG
2022-05-13 06:18:00,2022-05-13 06:38:00,BUY,18.599999999995287,1.03889,1.03951,TG
2022-05-13 06:38:00,2022-05-13 06:48:00,SELL,-8.099999999999774,1.03951,1.03978,SLPR
2022-05-13 06:56:00,2022-05-13 06:59:00,SELL,31.199999999997896,1.04019,1.03915,TG
2022-05-13 07:06:00,2022-05-13 07:10:00,BUY,28.799999999995496,1.03868,1.03964,TG
2022-05-13 07:16:00,2022-05-13 07:26:00,SELL,24.600000000001288,1.03999,1.03917,TG
2022-05-13 07:47:00,2022-05-13 07:57:00,SELL,19.500000000001183,1.04085,1.0402,TG
2022-05-13 07:50:00,2022-05-13 08:11:00,SELL,-16.500000000001513,1.04054,1.04109,SL
2022-05-13 08:23:00,2022-05-13 08:42:00,SELL,21.600000000001618,1.04153,1.04081,TG
2022-05-13 09:26:00,0,BUY,0.0,1.03892,0.0,0
2022-05-13 09:39:00,2022-05-13 09:51:00,BUY,-17.099999999998783,1.03833,1.03776,SLPR
2022-05-13 10:31:00,2022-05-13 10:52:00,SELL,22.500000000000853,1.0385,1.03775,TG
2022-05-13 11:10:00,2022-05-13 11:54:00,SELL,24.299999999999322,1.03914,1.03833,TG
2022-05-13 12:30:00,2022-05-13 12:55:00,BUY,-11.099999999999444,1.0377,1.03733,SLPR
2022-05-13 12:56:00,2022-05-13 13:08:00,BUY,-17.099999999998783,1.03738,1.03681,SLPR
2022-05-13 13:11:00,2022-05-13 14:15:00,BUY,8.699999999997043,1.03705,1.03734,TGP
2022-05-13 13:20:00,2022-05-13 14:05:00,BUY,22.500000000000853,1.03613,1.03688,TG
2022-05-13 13:26:00,2022-05-13 13:39:00,BUY,16.20000000000621,1.03564,1.03618,TG
2022-05-13 14:05:00,2022-05-13 14:21:00,SELL,-40.199999999996905,1.03688,1.03822,SLPR
2022-05-13 14:10:00,2022-05-13 14:21:00,SELL,-33.8999999999956,1.03709,1.03822,SLPR
2022-05-13 14:15:00,2022-05-13 14:21:00,SELL,-26.399999999999757,1.03734,1.03822,SLPR
2022-05-13 14:26:00,2022-05-13 14:49:00,SELL,-8.40000000000174,1.03836,1.03864,SLPR
2022-05-13 15:04:00,2022-05-13 15:12:00,SELL,23.400000000000087,1.03921,1.03843,TG
2022-05-13 15:38:00,0,SELL,0.0,1.04056,0.0,0
2022-05-13 15:41:00,2022-05-13 15:50:00,SELL,-17.399999999994087,1.04079,1.04137,SLPR
2022-05-13 15:54:00,2022-05-13 16:38:00,SELL,15.600000000002279,1.04113,1.04061,TGP
2022-05-13 16:38:00,2022-05-13 16:46:00,BUY,24.299999999999322,1.04061,1.04142,TG
2022-05-13 17:39:00,2022-05-13 17:56:00,BUY,-17.699999999996052,1.04053,1.03994,SLPR
2022-05-13 18:06:00,2022-05-13 18:51:00,BUY,20.099999999998452,1.03965,1.04032,TG
2022-05-13 19:02:00,2022-05-13 19:39:00,SELL,24.000000000004018,1.04055,1.03975,TG
2022-05-13 19:49:00,2022-05-13 19:53:00,BUY,7.499999999995843,1.04001,1.04026,TGP
2022-05-13 19:53:00,2022-05-13 20:45:00,SELL,-10.500000000002174,1.04026,1.04061,SLPR
2022-05-13 20:40:00,0,SELL,0.0,1.04037,0.0,0
2022-05-13 20:43:00,0,SELL,0.0,1.04039,0.0,0
2022-05-13 20:51:00,0,SELL,0.0,1.04057,0.0,0
